epoch,step,test_acc,test_loss
0,0,1.0,0.008335418999195099
0,0,1.0,0.008254247717559338
