epoch,step,test_acc,test_loss
0,0,0.963571310043335,0.12581948935985565
0,0,0.9624000191688538,0.13198818266391754
0,0,0.9424999952316284,0.22150327265262604
